{"cameraMode":{"drawMode":0,"name":"Shaded","section":"Shading Mode"},"sceneLighting":false,"audioPlay":false,"sceneViewState":{"m_AlwaysRefresh":false,"showFog":true,"showSkybox":false,"showFlares":true,"showImageEffects":true,"showParticleSystems":true,"showVisualEffectGraphs":true,"m_FxEnabled":false},"in2DMode":false,"pivot":{"x":-14.920000076293946,"y":1.6841840744018555,"z":0.26967477798461916},"rotation":{"x":0.05752713605761528,"y":-0.03833213821053505,"z":0.0021913081873208286,"w":0.9976199865341187},"size":2.4633700847625734,"orthographic":false}